[
    {
        "id": 1,
        "question": "Seller has non paying tenant",
        "response": "We can buy with the tenant , in the past we have had success with giving the tenant some cash for them to move out, Ask the seller for the tenants number so we can communicate with them",
        "helpfulness": 10,
        "created_at": null,
        "updated_at": null
    },
    {
        "id": 2,
        "question": "Seller wnats to sell but she needs more time than 30 days to move out",
        "response": "We can close in 30 days give the seller 30 days after closing to move out, we will hold a percantage of the funds in escrow until they completely move out . ",
        "helpfulness": 10,
        "created_at": null,
        "updated_at": null
    },
    {
        "id": 3,
        "question": "Seller wants to sell but has tenant , and the tenant paying below market rent ",
        "response": "The seller can give the tenant notice to move out once we have deposited non refundbale emd in escrow.",
        "helpfulness": 10,
        "created_at": null,
        "updated_at": null
    },
    {
        "id": 7,
        "question": "What should I do when the seller has a tenant who left the country",
        "response": "Wait until they come back. After that you can start negotiations",
        "helpfulness": 10,
        "created_at": "2024-05-02T13:41:18.000000Z",
        "updated_at": "2024-05-03T14:12:43.000000Z"
    }
]